{
    "metadata": {
        "vertices": 4,
        "faces": 1,
        "type": "Geometry",
        "normals": 1,
        "generator": "io_three",
        "uvs": 0,
        "version": 3
    },
    "vertices": [-6.71106,0.000789,4.93509,6.72047,0.000789,4.93509,-6.71106,0.000789,-4.93373,6.72047,0.000789,-4.93373],
    "faces": [33,0,1,3,2,0,0,0,0],
    "normals": [0,1,0],
    "name": "PlaneGeometry.1",
    "uvs": []
}