{
    "metadata": {
        "vertices": 4,
        "faces": 1,
        "type": "Geometry",
        "normals": 1,
        "generator": "io_three",
        "uvs": 0,
        "version": 3
    },
    "vertices": [-34.2868,0.992391,-16.8584,34.3107,0.992391,-16.8584,-34.2868,0.992396,16.8648,34.3107,0.992396,16.8648],
    "faces": [33,0,1,3,2,0,0,0,0],
    "normals": [0,-1,0],
    "name": "PlaneGeometry.4",
    "uvs": []
}