{
    "metadata": {
        "vertices": 4,
        "faces": 1,
        "type": "Geometry",
        "normals": 1,
        "generator": "io_three",
        "uvs": 0,
        "version": 3
    },
    "vertices": [-37.9676,0.992391,-17.6898,37.9915,0.992391,-17.6898,-37.9676,0.992396,17.6963,37.9915,0.992396,17.6963],
    "faces": [33,0,1,3,2,0,0,0,0],
    "normals": [0,-1,0],
    "name": "PlaneGeometry.1",
    "uvs": []
}