{
    "faces": [33,2,33,47,44,0,1,2,3,33,5,6,2,1,4,5,0,6,33,31,32,5,1,7,8,4,6,33,32,34,6,5,8,9,5,4,33,6,7,3,2,5,10,11,0,33,20,21,9,8,12,13,14,15,33,19,17,16,15,16,17,9,18,33,21,22,10,9,13,9,9,14,33,24,25,13,12,19,20,21,22,33,18,19,15,14,23,16,18,24,33,25,23,11,13,20,9,17,21,33,8,9,19,18,15,14,16,23,33,12,13,21,20,22,21,13,12,33,38,39,25,24,25,26,20,19,33,14,15,27,26,24,18,27,28,33,39,37,23,25,26,9,9,20,33,22,21,13,11,9,13,21,17,33,17,19,9,10,17,16,14,9,33,37,39,4,7,9,26,29,10,33,4,0,3,7,29,30,11,10,33,31,1,30,35,7,6,31,32,33,34,32,27,28,9,8,27,17,33,26,27,32,31,28,27,8,7,33,28,27,15,16,17,27,18,9,33,0,38,40,29,30,25,33,34,33,29,40,46,41,34,33,35,36,33,0,4,39,38,30,29,26,25,33,48,43,44,47,37,38,3,2,33,41,46,45,42,36,35,2,39,33,33,35,48,47,1,32,37,2,33,36,3,42,45,1,11,39,2,33,40,36,45,46,33,1,2,35,33,30,2,44,43,31,0,3,38,33,3,29,41,42,11,34,36,39,33,35,30,43,48,32,31,38,37,33,47,45,51,50,2,2,40,41,33,52,49,50,51,42,43,41,40,33,45,36,52,51,2,1,42,40,33,33,47,50,49,1,2,41,43,33,36,33,49,52,1,1,43,42,33,33,36,45,47,1,1,2,2,32,12,38,24,22,25,19,32,49,52,40,43,42,33,32,12,40,38,22,33,25,32,12,20,8,22,12,15,32,8,18,14,15,23,24,32,14,26,31,24,28,7,32,35,49,40,32,43,33,32,14,31,35,24,7,32,32,12,8,14,22,15,24,32,12,35,40,22,32,33,32,12,14,35,22,24,32],
    "vertices": [0.288576,20.1095,-43.1354,0.288576,20.1095,27.5792,-25.9699,20.1095,27.5792,-25.9699,20.1095,-43.1355,0.288584,22.5544,-43.1354,0.288565,22.5544,27.5792,-25.9699,22.5544,27.5792,-25.9699,22.5544,-43.1354,9.09635,20.1095,-7.77814,9.09635,22.5544,-7.77811,-25.9699,22.5544,-7.77814,-25.9699,22.5544,-25.4568,6.98767,20.1095,-25.4568,6.98767,22.5544,-25.4568,6.98767,20.1095,9.90052,6.98766,22.5544,9.90054,-25.9699,22.5544,9.90051,-25.9699,22.5544,1.06118,8.51767,20.1095,1.06119,8.51766,22.5544,1.06121,8.51767,20.1095,-16.6175,8.51767,22.5544,-16.6174,-25.9699,22.5544,-16.6175,-25.9699,22.5544,-34.2961,4.2316,20.1095,-34.2961,4.23161,22.5544,-34.2961,4.2316,20.1095,18.7398,4.23159,22.5544,18.7399,-25.9699,22.5544,18.7398,-0.735883,20.1095,-43.1354,-0.735883,20.1095,27.5792,1.0928,20.1095,25.8221,1.09278,22.5544,25.8221,-25.9699,20.1095,25.8221,-25.9699,22.5544,25.8221,0.010279,20.1095,25.8221,-25.9699,20.1095,-41.166,-25.9699,22.5544,-41.1659,1.19002,20.1095,-41.1659,1.19003,22.5544,-41.1659,0.100483,20.1095,-41.1659,-0.735883,-1.71318,-43.1354,-25.9699,-1.71318,-43.1355,-0.735883,-1.71317,27.5792,-25.9699,-1.71317,27.5792,-25.9699,-1.71318,-41.166,0.100483,-1.71318,-41.1659,-25.9699,-1.71317,25.8221,0.010279,-1.71317,25.8221,-23.7148,20.1095,25.8221,-23.7148,-1.71317,25.8221,-23.7148,-1.71318,-41.166,-23.7148,20.1095,-41.166],
    "metadata": {
        "faces": 52,
        "generator": "io_three",
        "type": "Geometry",
        "vertices": 53,
        "version": 3,
        "uvs": 0,
        "normals": 44
    },
    "uvs": [],
    "normals": [-0.707083,0,0.707083,-0.894406,0.447188,0,-0.707083,-0.707083,0,-0.577349,-0.577349,0.577349,0.43086,0.60332,0.671041,-0.577349,0.577319,0.577349,0.43086,-0.60332,0.671041,0.645955,-0.705741,0.290933,0.645955,0.705741,0.290933,0,1,0,-0.577349,0.577349,-0.577319,-0.707083,0,-0.707083,0.713614,-0.695364,-0.084872,0.713614,0.695364,-0.084872,0.721213,0.692679,0,0.721213,-0.692679,0,0.713614,0.695364,0.084872,0,0.999969,0,0.701102,0.692679,0.169195,0.673513,-0.694418,-0.253151,0.673513,0.694418,-0.253151,0.701102,0.692679,-0.169195,0.701102,-0.692679,-0.169195,0.713614,-0.695364,0.084872,0.701102,-0.692679,0.169195,0.646046,-0.705679,-0.290841,0.646046,0.70571,-0.290841,0.673513,0.694388,0.253273,0.673513,-0.694388,0.253273,0.43086,0.60332,-0.671041,0.43086,-0.60332,-0.671041,0.503952,-0.407544,0.761528,0.267739,-0.94705,-0.17719,0.267739,-0.94702,0.17719,0.503952,-0.407514,-0.761528,0.691397,-0.559099,0.457533,0.44087,-0.601428,-0.666219,0.691397,-0.559099,-0.457533,0.44087,-0.601428,0.666219,-0.577349,-0.577349,-0.577349,0.577349,-0.577349,-0.577349,0.577349,-0.577349,0.577349,0.707083,0,-0.707083,0.707083,0,0.707083],
    "name": "CubeGeometry"
}