{
    "metadata": {
        "vertices": 12,
        "faces": 7,
        "type": "Geometry",
        "normals": 9,
        "generator": "io_three",
        "uvs": 0,
        "version": 3
    },
    "vertices": [-6.14442,0.000789,4.51876,6.15384,0.000789,4.51876,-6.14442,0.000789,-4.51739,6.15384,0.000789,-4.51739,-6.14442,1.96261,-4.51739,-6.14442,1.96261,4.51876,6.15384,1.96261,4.51876,6.15384,1.96261,-4.51739,-5.7897,1.96261,-4.96417,-6.46478,1.96261,4.04673,5.79911,1.96261,4.96553,6.47419,1.96261,-4.04537],
    "faces": [33,0,2,3,1,0,1,2,3,33,5,6,7,4,4,5,6,7,33,1,3,7,6,3,2,6,5,33,2,0,5,4,1,0,4,7,33,3,2,4,7,2,1,7,6,33,0,1,6,5,0,3,5,4,33,9,10,11,8,8,8,8,8],
    "normals": [-0.577349,-0.577349,0.577349,-0.577349,-0.577349,-0.577349,0.577349,-0.577349,-0.577349,0.577349,-0.577349,0.577349,-0.577349,0.577349,0.577349,0.577349,0.577349,0.577349,0.577349,0.577349,-0.577349,-0.577349,0.577349,-0.577349,0,1,0],
    "name": "PlaneGeometry.1",
    "uvs": []
}